input,type,time_ns
ZIvgUYrqRB94VlHD,insecure,1400
ZIvgUYrqRB94VlHD,constant,4700
iaS7kfflNz4lc5Wx,insecure,600
iaS7kfflNz4lc5Wx,constant,3400
TaeinoBd3f5Qh3G4,insecure,500
TaeinoBd3f5Qh3G4,constant,2700
DHRVM2jIidJu5JII,insecure,500
DHRVM2jIidJu5JII,constant,2800
xXcHqZehZU0Oho6H,insecure,600
xXcHqZehZU0Oho6H,constant,3100
fGVi2EF3gPTlC1Ge,insecure,500
fGVi2EF3gPTlC1Ge,constant,2600
4c4b2BF89EYSroQV,insecure,400
4c4b2BF89EYSroQV,constant,2400
94iD0xW0ek9tw7gS,insecure,1100
94iD0xW0ek9tw7gS,constant,2300
bsr1w33kKcJ9czi5,insecure,500
bsr1w33kKcJ9czi5,constant,2200
QtLksvyTWbwmEgOU,insecure,500
QtLksvyTWbwmEgOU,constant,2100
Jkb1oMV3hqprR20H,insecure,400
Jkb1oMV3hqprR20H,constant,2100
gxnmyjbvB6khErSe,insecure,400
gxnmyjbvB6khErSe,constant,2100
qhiWEqfsHVEAGCcQ,insecure,300
qhiWEqfsHVEAGCcQ,constant,2000
8JimIuLVR235HbWs,insecure,400
8JimIuLVR235HbWs,constant,2100
6UQ0xEjtE3r1Pi4K,insecure,2300
6UQ0xEjtE3r1Pi4K,constant,2000
T71W7eQWbxHFAfDJ,insecure,400
T71W7eQWbxHFAfDJ,constant,2000
LwEUki0qnqvCNcpE,insecure,300
LwEUki0qnqvCNcpE,constant,2300
0mvmyOOw5XLvvvOf,insecure,400
0mvmyOOw5XLvvvOf,constant,2100
XUTY3ZTlW0H8Q3BO,insecure,400
XUTY3ZTlW0H8Q3BO,constant,2100
SlfMBniQnGOMb3ri,insecure,400
SlfMBniQnGOMb3ri,constant,2100
BG3z6nvS2O3YoOpY,insecure,400
BG3z6nvS2O3YoOpY,constant,2100
F6WcnEGhPXaZlbIi,insecure,400
F6WcnEGhPXaZlbIi,constant,2100
0LOR97arTgpl6Qjo,insecure,300
0LOR97arTgpl6Qjo,constant,2100
VJaZ1Ec1cMwhASs7,insecure,400
VJaZ1Ec1cMwhASs7,constant,2100
XmOASnZVesBshb0D,insecure,400
XmOASnZVesBshb0D,constant,2000
XG7KgOk1kWHDs5DP,insecure,400
XG7KgOk1kWHDs5DP,constant,2200
NbJWM6RViXe3dLt9,insecure,400
NbJWM6RViXe3dLt9,constant,2100
BBajwV3SQzBoLKpv,insecure,400
BBajwV3SQzBoLKpv,constant,2100
8i97kkH52FokODK7,insecure,400
8i97kkH52FokODK7,constant,2000
yJlWTYv3k9KHZhsg,insecure,400
yJlWTYv3k9KHZhsg,constant,2100
rxx89GqO706DhRub,insecure,300
rxx89GqO706DhRub,constant,2100
dfSv242mALyDBfkG,insecure,400
dfSv242mALyDBfkG,constant,2000
1gISx935JSY7VtBx,insecure,400
1gISx935JSY7VtBx,constant,2100
VwnMG0bp0BeGqhq5,insecure,300
VwnMG0bp0BeGqhq5,constant,2000
JperpyOGl4avlVYw,insecure,400
JperpyOGl4avlVYw,constant,2100
wLj5NKrJpylFxyqO,insecure,400
wLj5NKrJpylFxyqO,constant,2100
lvJKlbLMHWCKolRh,insecure,300
lvJKlbLMHWCKolRh,constant,2100
bx775zuEC67NCQgi,insecure,400
bx775zuEC67NCQgi,constant,2000
oVda57hdCp0uxMdY,insecure,400
oVda57hdCp0uxMdY,constant,2100
TJqRNqATBeqoEIB1,insecure,400
TJqRNqATBeqoEIB1,constant,2100
TbnnrO25RqtGjdmo,insecure,400
TbnnrO25RqtGjdmo,constant,2100
j2qYdMWcZFBgZ30r,insecure,300
j2qYdMWcZFBgZ30r,constant,2200
wxn3YO9ab14eqNYX,insecure,300
wxn3YO9ab14eqNYX,constant,2100
mqBiuTgdI0d2IrDa,insecure,400
mqBiuTgdI0d2IrDa,constant,2000
J970m4iBJE0mcAEw,insecure,400
J970m4iBJE0mcAEw,constant,2200
z9mrebDJFdriSdtf,insecure,400
z9mrebDJFdriSdtf,constant,2100
DBTpCkFhJpAP7iCq,insecure,1900
DBTpCkFhJpAP7iCq,constant,2100
1rpVLI0ZwuWpQmV0,insecure,400
1rpVLI0ZwuWpQmV0,constant,2100
e8gnOzK7nVZTjoLt,insecure,400
e8gnOzK7nVZTjoLt,constant,2100
OjlxGa7d2ouP306c,insecure,400
OjlxGa7d2ouP306c,constant,2100
96qlQjkUsBHFiD3T,insecure,400
96qlQjkUsBHFiD3T,constant,2000
U6wU4dSiK4zoUzhR,insecure,400
U6wU4dSiK4zoUzhR,constant,2100
PHbQIt21PkweL62o,insecure,400
PHbQIt21PkweL62o,constant,2000
VFirguAymUTPZSbf,insecure,400
VFirguAymUTPZSbf,constant,2100
DtJHrPojj9ygeP7A,insecure,300
DtJHrPojj9ygeP7A,constant,2100
tURYh4BvQo6NZh6W,insecure,400
tURYh4BvQo6NZh6W,constant,2100
0KFBEvhkwlVFhIPM,insecure,500
0KFBEvhkwlVFhIPM,constant,2100
jPI9My26mjTPv4bt,insecure,500
jPI9My26mjTPv4bt,constant,2100
MBOeqE2kXwhTunBL,insecure,400
MBOeqE2kXwhTunBL,constant,3800
461JSoQYhVfy1tqr,insecure,400
461JSoQYhVfy1tqr,constant,2100
a6kuRsKvpEg3RtQT,insecure,300
a6kuRsKvpEg3RtQT,constant,2100
GLlZ3xCXsV8mBKEG,insecure,400
GLlZ3xCXsV8mBKEG,constant,2100
UNtYd7NEj06gNZXi,insecure,400
UNtYd7NEj06gNZXi,constant,2100
gdaAFJXuVoj7JMxh,insecure,400
gdaAFJXuVoj7JMxh,constant,2200
Oulk1XMIbkP1sAJV,insecure,400
Oulk1XMIbkP1sAJV,constant,2100
PqPxauaM7Pek5NfT,insecure,400
PqPxauaM7Pek5NfT,constant,2100
Vna0AdhRG9QLTn2K,insecure,400
Vna0AdhRG9QLTn2K,constant,2100
5tprREfssS55D4Z4,insecure,400
5tprREfssS55D4Z4,constant,2100
K2CJXY0Ddm3UmajX,insecure,400
K2CJXY0Ddm3UmajX,constant,2100
o75a81NnyM0ByDKu,insecure,400
o75a81NnyM0ByDKu,constant,2100
fQT2Z4fDXOiqh6iQ,insecure,400
fQT2Z4fDXOiqh6iQ,constant,2200
YL7d04WMS41vyvXK,insecure,400
YL7d04WMS41vyvXK,constant,2100
p2CZW2MsNTyQfAe3,insecure,400
p2CZW2MsNTyQfAe3,constant,2200
Xd1uiIIz39gCohQp,insecure,400
Xd1uiIIz39gCohQp,constant,2100
3uzjMyY75c4dQXRM,insecure,300
3uzjMyY75c4dQXRM,constant,2100
3F5r9gU8qYEFvVZq,insecure,300
3F5r9gU8qYEFvVZq,constant,2100
GHXER0kYPotJFuwk,insecure,300
GHXER0kYPotJFuwk,constant,2100
dtqkJrOeVtGBNEYb,insecure,300
dtqkJrOeVtGBNEYb,constant,2100
NC0jYY28vaEkC33F,insecure,2000
NC0jYY28vaEkC33F,constant,2300
pfzOY5dBt5thR9e5,insecure,400
pfzOY5dBt5thR9e5,constant,2100
pWefDAlOAheukwbK,insecure,400
pWefDAlOAheukwbK,constant,2200
i5Dv0FYQoN4mucU5,insecure,300
i5Dv0FYQoN4mucU5,constant,2100
CBKEuEzSiWGaNeCq,insecure,400
CBKEuEzSiWGaNeCq,constant,2100
Uw6aRiBjpuOWzcuS,insecure,400
Uw6aRiBjpuOWzcuS,constant,2200
OzMvvjeCg1vr9hBi,insecure,300
OzMvvjeCg1vr9hBi,constant,2100
NgBAErcD7AU6eEEA,insecure,300
NgBAErcD7AU6eEEA,constant,2200
GSJnphrEFIOtmyZ8,insecure,400
GSJnphrEFIOtmyZ8,constant,2100
LyIuNBH56iExKkPa,insecure,400
LyIuNBH56iExKkPa,constant,2100
0vRdqoLgec9eqqD5,insecure,400
0vRdqoLgec9eqqD5,constant,2100
eSwFMGzJ9PJ90kxO,insecure,400
eSwFMGzJ9PJ90kxO,constant,2100
WMqxH1zDXrVwNBJQ,insecure,300
WMqxH1zDXrVwNBJQ,constant,2100
FJBq1oX514N8XSGq,insecure,300
FJBq1oX514N8XSGq,constant,2100
kjFb5084OqvdNhTH,insecure,300
kjFb5084OqvdNhTH,constant,2100
Z6K50CVUtnjpeb1o,insecure,300
Z6K50CVUtnjpeb1o,constant,2200
gqgR4n5bycot8ptA,insecure,300
gqgR4n5bycot8ptA,constant,2200
RHh3LzV2fNTnO7T0,insecure,400
RHh3LzV2fNTnO7T0,constant,2100
ordS1CBfBIBGj6YK,insecure,300
ordS1CBfBIBGj6YK,constant,2100
RBoAhVBYfG73ZNl5,insecure,400
RBoAhVBYfG73ZNl5,constant,2100
iiRpCD9F5s0GFJpw,insecure,300
iiRpCD9F5s0GFJpw,constant,2100
YaZVe6fwuNWRjYOw,insecure,400
YaZVe6fwuNWRjYOw,constant,2100
